clip_id,video_path,"Label (1 - falling, 0 - not falling)",fall_time_sec
S1_A_1,/content/drive/MyDrive/Thesis - Fall-Detection-Camera/dataset/Subject 1/ADL/01.mp4,0,-1
S1_A_2,/content/drive/MyDrive/Thesis - Fall-Detection-Camera/dataset/Subject 1/ADL/02.mp4,0,-1
S1_A_3,/content/drive/MyDrive/Thesis - Fall-Detection-Camera/dataset/Subject 1/ADL/03.mp4,0,-1
S1_A_4,/content/drive/MyDrive/Thesis - Fall-Detection-Camera/dataset/Subject 1/ADL/04.mp4,0,-1
S1_A_5,/content/drive/MyDrive/Thesis - Fall-Detection-Camera/dataset/Subject 1/ADL/05.mp4,0,-1
S1_A_6,/content/drive/MyDrive/Thesis - Fall-Detection-Camera/dataset/Subject 1/ADL/06.mp4,0,-1
S1_A_7,/content/drive/MyDrive/Thesis - Fall-Detection-Camera/dataset/Subject 1/ADL/07.mp4,0,-1
S1_A_8,/content/drive/MyDrive/Thesis - Fall-Detection-Camera/dataset/Subject 1/ADL/08.mp4,0,-1
S1_A_9,/content/drive/MyDrive/Thesis - Fall-Detection-Camera/dataset/Subject 1/ADL/09.mp4,0,-1
S1_A_10,/content/drive/MyDrive/Thesis - Fall-Detection-Camera/dataset/Subject 1/ADL/10.mp4,0,-1
S1_A_11,/content/drive/MyDrive/Thesis - Fall-Detection-Camera/dataset/Subject 1/ADL/11.mp4,0,-1
S1_A_12,/content/drive/MyDrive/Thesis - Fall-Detection-Camera/dataset/Subject 1/ADL/12.mp4,0,-1
S1_A_13,/content/drive/MyDrive/Thesis - Fall-Detection-Camera/dataset/Subject 1/ADL/13.mp4,0,-1
S1_A_14,/content/drive/MyDrive/Thesis - Fall-Detection-Camera/dataset/Subject 1/ADL/14.mp4,0,-1
S1_A_15,/content/drive/MyDrive/Thesis - Fall-Detection-Camera/dataset/Subject 1/ADL/15.mp4,0,-1
S1_A_16,/content/drive/MyDrive/Thesis - Fall-Detection-Camera/dataset/Subject 1/ADL/16.mp4,0,-1
S1_F_1,/content/drive/MyDrive/Thesis - Fall-Detection-Camera/dataset/Subject 1/Fall/01.mp4,1,3.4
S1_F_2,/content/drive/MyDrive/Thesis - Fall-Detection-Camera/dataset/Subject 1/Fall/02.mp4,1,1.9
S1_F_3,/content/drive/MyDrive/Thesis - Fall-Detection-Camera/dataset/Subject 1/Fall/03.mp4,1,2.5
S1_F_4,/content/drive/MyDrive/Thesis - Fall-Detection-Camera/dataset/Subject 1/Fall/04.mp4,1,2.3
S1_F_5,/content/drive/MyDrive/Thesis - Fall-Detection-Camera/dataset/Subject 1/Fall/05.mp4,1,1.8
S1_F_6,/content/drive/MyDrive/Thesis - Fall-Detection-Camera/dataset/Subject 1/Fall/06.mp4,1,2.2
S1_F_7,/content/drive/MyDrive/Thesis - Fall-Detection-Camera/dataset/Subject 1/Fall/07.mp4,1,1.1
S1_F_8,/content/drive/MyDrive/Thesis - Fall-Detection-Camera/dataset/Subject 1/Fall/08.mp4,1,0.8
S1_F_9,/content/drive/MyDrive/Thesis - Fall-Detection-Camera/dataset/Subject 1/Fall/09.mp4,1,0.7
S1_F_10,/content/drive/MyDrive/Thesis - Fall-Detection-Camera/dataset/Subject 1/Fall/10.mp4,1,0.7
S1_F_11,/content/drive/MyDrive/Thesis - Fall-Detection-Camera/dataset/Subject 1/Fall/11.mp4,1,1
S1_F_12,/content/drive/MyDrive/Thesis - Fall-Detection-Camera/dataset/Subject 1/Fall/12.mp4,1,1.9
S1_F_13,/content/drive/MyDrive/Thesis - Fall-Detection-Camera/dataset/Subject 1/Fall/13.mp4,1,0.4
S1_F_14,/content/drive/MyDrive/Thesis - Fall-Detection-Camera/dataset/Subject 1/Fall/14.mp4,1,0.3
S1_F_15,/content/drive/MyDrive/Thesis - Fall-Detection-Camera/dataset/Subject 1/Fall/15.mp4,1,1.8
S1_F_16,/content/drive/MyDrive/Thesis - Fall-Detection-Camera/dataset/Subject 1/Fall/16.mp4,1,2.8
S2_A_1,/content/drive/MyDrive/Thesis - Fall-Detection-Camera/dataset/Subject 2/ADL/01.mp4,0,-1
S2_A_2,/content/drive/MyDrive/Thesis - Fall-Detection-Camera/dataset/Subject 2/ADL/02.mp4,0,-1
S2_A_3,/content/drive/MyDrive/Thesis - Fall-Detection-Camera/dataset/Subject 2/ADL/03.mp4,0,-1
S2_A_4,/content/drive/MyDrive/Thesis - Fall-Detection-Camera/dataset/Subject 2/ADL/04.mp4,0,-1
S2_A_5,/content/drive/MyDrive/Thesis - Fall-Detection-Camera/dataset/Subject 2/ADL/05.mp4,0,-1
S2_A_6,/content/drive/MyDrive/Thesis - Fall-Detection-Camera/dataset/Subject 2/ADL/06.mp4,0,-1
S2_A_7,/content/drive/MyDrive/Thesis - Fall-Detection-Camera/dataset/Subject 2/ADL/07.mp4,0,-1
S2_A_8,/content/drive/MyDrive/Thesis - Fall-Detection-Camera/dataset/Subject 2/ADL/08.mp4,0,-1
S2_A_9,/content/drive/MyDrive/Thesis - Fall-Detection-Camera/dataset/Subject 2/ADL/09.mp4,0,-1
S2_A_10,/content/drive/MyDrive/Thesis - Fall-Detection-Camera/dataset/Subject 2/ADL/10.mp4,0,-1
S2_A_11,/content/drive/MyDrive/Thesis - Fall-Detection-Camera/dataset/Subject 2/ADL/11.mp4,0,-1
S2_A_12,/content/drive/MyDrive/Thesis - Fall-Detection-Camera/dataset/Subject 2/ADL/12.mp4,0,-1
S2_A_13,/content/drive/MyDrive/Thesis - Fall-Detection-Camera/dataset/Subject 2/ADL/13.mp4,0,-1
S2_A_14,/content/drive/MyDrive/Thesis - Fall-Detection-Camera/dataset/Subject 2/ADL/14.mp4,0,-1
S2_A_15,/content/drive/MyDrive/Thesis - Fall-Detection-Camera/dataset/Subject 2/ADL/15.mp4,0,-1
S2_A_16,/content/drive/MyDrive/Thesis - Fall-Detection-Camera/dataset/Subject 2/ADL/16.mp4,0,-1
S2_A_17,/content/drive/MyDrive/Thesis - Fall-Detection-Camera/dataset/Subject 2/ADL/17.mp4,0,-1
S2_A_18,/content/drive/MyDrive/Thesis - Fall-Detection-Camera/dataset/Subject 2/ADL/18.mp4,0,-1
S2_A_19,/content/drive/MyDrive/Thesis - Fall-Detection-Camera/dataset/Subject 2/ADL/19.mp4,0,-1
S2_A_20,/content/drive/MyDrive/Thesis - Fall-Detection-Camera/dataset/Subject 2/ADL/20.mp4,0,-1
S2_A_21,/content/drive/MyDrive/Thesis - Fall-Detection-Camera/dataset/Subject 2/ADL/21.mp4,0,-1
S2_A_22,/content/drive/MyDrive/Thesis - Fall-Detection-Camera/dataset/Subject 2/ADL/22.mp4,0,-1
S2_A_23,/content/drive/MyDrive/Thesis - Fall-Detection-Camera/dataset/Subject 2/ADL/23.mp4,0,-1
S2_F_1,/content/drive/MyDrive/Thesis - Fall-Detection-Camera/dataset/Subject 2/Fall/01.mp4,1,0.4
S2_F_2,/content/drive/MyDrive/Thesis - Fall-Detection-Camera/dataset/Subject 2/Fall/02.mp4,1,2.7
S2_F_3,/content/drive/MyDrive/Thesis - Fall-Detection-Camera/dataset/Subject 2/Fall/03.mp4,1,0
S2_F_4,/content/drive/MyDrive/Thesis - Fall-Detection-Camera/dataset/Subject 2/Fall/04.mp4,1,3.3
S2_F_5,/content/drive/MyDrive/Thesis - Fall-Detection-Camera/dataset/Subject 2/Fall/05.mp4,1,0.8
S2_F_6,/content/drive/MyDrive/Thesis - Fall-Detection-Camera/dataset/Subject 2/Fall/06.mp4,1,2.1
S2_F_7,/content/drive/MyDrive/Thesis - Fall-Detection-Camera/dataset/Subject 2/Fall/07.mp4,1,2
S2_F_8,/content/drive/MyDrive/Thesis - Fall-Detection-Camera/dataset/Subject 2/Fall/08.mp4,1,3.2
S2_F_9,/content/drive/MyDrive/Thesis - Fall-Detection-Camera/dataset/Subject 2/Fall/09.mp4,1,1.8
S2_F_10,/content/drive/MyDrive/Thesis - Fall-Detection-Camera/dataset/Subject 2/Fall/10.mp4,1,2
S2_F_11,/content/drive/MyDrive/Thesis - Fall-Detection-Camera/dataset/Subject 2/Fall/11.mp4,1,5.9
S2_F_12,/content/drive/MyDrive/Thesis - Fall-Detection-Camera/dataset/Subject 2/Fall/12.mp4,1,6.9
S2_F_13,/content/drive/MyDrive/Thesis - Fall-Detection-Camera/dataset/Subject 2/Fall/13.mp4,1,2.5
S2_F_14,/content/drive/MyDrive/Thesis - Fall-Detection-Camera/dataset/Subject 2/Fall/14.mp4,1,3.4
S2_F_15,/content/drive/MyDrive/Thesis - Fall-Detection-Camera/dataset/Subject 2/Fall/16.mp4,1,7.7
S2_F_16,/content/drive/MyDrive/Thesis - Fall-Detection-Camera/dataset/Subject 2/Fall/16.mp4,1,0.8
S2_F_17,/content/drive/MyDrive/Thesis - Fall-Detection-Camera/dataset/Subject 2/Fall/17.mp4,1,2.5
S2_F_18,/content/drive/MyDrive/Thesis - Fall-Detection-Camera/dataset/Subject 2/Fall/18.mp4,1,9.8
S2_F_19,/content/drive/MyDrive/Thesis - Fall-Detection-Camera/dataset/Subject 2/Fall/19.mp4,1,8.2
S2_F_20,/content/drive/MyDrive/Thesis - Fall-Detection-Camera/dataset/Subject 2/Fall/20.mp4,1,7.9
S2_F_21,/content/drive/MyDrive/Thesis - Fall-Detection-Camera/dataset/Subject 2/Fall/21.mp4,1,6.2
S2_F_22,/content/drive/MyDrive/Thesis - Fall-Detection-Camera/dataset/Subject 2/Fall/22.mp4,1,1.3
S2_F_23,/content/drive/MyDrive/Thesis - Fall-Detection-Camera/dataset/Subject 2/Fall/23.mp4,1,3.6
S2_F_24,/content/drive/MyDrive/Thesis - Fall-Detection-Camera/dataset/Subject 2/Fall/24.mp4,1,3.3
S2_F_25,/content/drive/MyDrive/Thesis - Fall-Detection-Camera/dataset/Subject 2/Fall/25.mp4,1,3
S3_A_1,/content/drive/MyDrive/Thesis - Fall-Detection-Camera/dataset/Subject 3/ADL/01.mp4,0,-1
S3_A_2,/content/drive/MyDrive/Thesis - Fall-Detection-Camera/dataset/Subject 3/ADL/02.mp4,0,-1
S3_A_3,/content/drive/MyDrive/Thesis - Fall-Detection-Camera/dataset/Subject 3/ADL/03.mp4,0,-1
S3_A_4,/content/drive/MyDrive/Thesis - Fall-Detection-Camera/dataset/Subject 3/ADL/04.mp4,0,-1
S3_A_5,/content/drive/MyDrive/Thesis - Fall-Detection-Camera/dataset/Subject 3/ADL/05.mp4,0,-1
S3_A_6,/content/drive/MyDrive/Thesis - Fall-Detection-Camera/dataset/Subject 3/ADL/06.mp4,0,-1
S3_A_7,/content/drive/MyDrive/Thesis - Fall-Detection-Camera/dataset/Subject 3/ADL/07.mp4,0,-1
S3_A_8,/content/drive/MyDrive/Thesis - Fall-Detection-Camera/dataset/Subject 3/ADL/08.mp4,0,-1
S3_A_9,/content/drive/MyDrive/Thesis - Fall-Detection-Camera/dataset/Subject 3/ADL/09.mp4,0,-1
S3_A_10,/content/drive/MyDrive/Thesis - Fall-Detection-Camera/dataset/Subject 3/ADL/10.mp4,0,-1
S3_A_11,/content/drive/MyDrive/Thesis - Fall-Detection-Camera/dataset/Subject 3/ADL/11.mp4,0,-1
S3_A_12,/content/drive/MyDrive/Thesis - Fall-Detection-Camera/dataset/Subject 3/ADL/12.mp4,0,-1
S3_A_13,/content/drive/MyDrive/Thesis - Fall-Detection-Camera/dataset/Subject 3/ADL/13.mp4,0,-1
S3_A_14,/content/drive/MyDrive/Thesis - Fall-Detection-Camera/dataset/Subject 3/ADL/14.mp4,0,-1
S3_A_15,/content/drive/MyDrive/Thesis - Fall-Detection-Camera/dataset/Subject 3/ADL/15.mp4,0,-1
S3_A_16,/content/drive/MyDrive/Thesis - Fall-Detection-Camera/dataset/Subject 3/ADL/16.mp4,0,-1
S3_A_17,/content/drive/MyDrive/Thesis - Fall-Detection-Camera/dataset/Subject 3/ADL/17.mp4,0,-1
S3_A_18,/content/drive/MyDrive/Thesis - Fall-Detection-Camera/dataset/Subject 3/ADL/18.mp4,0,-1
S3_A_19,/content/drive/MyDrive/Thesis - Fall-Detection-Camera/dataset/Subject 3/ADL/19.mp4,0,-1
S3_A_20,/content/drive/MyDrive/Thesis - Fall-Detection-Camera/dataset/Subject 3/ADL/20.mp4,0,-1
S3_A_21,/content/drive/MyDrive/Thesis - Fall-Detection-Camera/dataset/Subject 3/ADL/21.mp4,0,-1
S3_A_22,/content/drive/MyDrive/Thesis - Fall-Detection-Camera/dataset/Subject 3/ADL/22.mp4,0,-1
S3_F_1,/content/drive/MyDrive/Thesis - Fall-Detection-Camera/dataset/Subject 3/Fall/01.mp4,1,0
S3_F_2,/content/drive/MyDrive/Thesis - Fall-Detection-Camera/dataset/Subject 3/Fall/02.mp4,1,2.6
S3_F_3,/content/drive/MyDrive/Thesis - Fall-Detection-Camera/dataset/Subject 3/Fall/03.mp4,1,1.5
S3_F_4,/content/drive/MyDrive/Thesis - Fall-Detection-Camera/dataset/Subject 3/Fall/04.mp4,1,1.2
S3_F_5,/content/drive/MyDrive/Thesis - Fall-Detection-Camera/dataset/Subject 3/Fall/05.mp4,1,3.2
S3_F_6,/content/drive/MyDrive/Thesis - Fall-Detection-Camera/dataset/Subject 3/Fall/06.mp4,1,0
S3_F_7,/content/drive/MyDrive/Thesis - Fall-Detection-Camera/dataset/Subject 3/Fall/07.mp4,1,1
S3_F_8,/content/drive/MyDrive/Thesis - Fall-Detection-Camera/dataset/Subject 3/Fall/08.mp4,1,0
S3_F_9,/content/drive/MyDrive/Thesis - Fall-Detection-Camera/dataset/Subject 3/Fall/09.mp4,1,3.3
S3_F_10,/content/drive/MyDrive/Thesis - Fall-Detection-Camera/dataset/Subject 3/Fall/10.mp4,1,1.7
S3_F_11,/content/drive/MyDrive/Thesis - Fall-Detection-Camera/dataset/Subject 3/Fall/11.mp4,1,4.7
S3_F_12,/content/drive/MyDrive/Thesis - Fall-Detection-Camera/dataset/Subject 3/Fall/12.mp4,1,1.6
S3_F_13,/content/drive/MyDrive/Thesis - Fall-Detection-Camera/dataset/Subject 3/Fall/13.mp4,1,1.4
S3_F_14,/content/drive/MyDrive/Thesis - Fall-Detection-Camera/dataset/Subject 3/Fall/14.mp4,1,8.1
S3_F_15,/content/drive/MyDrive/Thesis - Fall-Detection-Camera/dataset/Subject 3/Fall/15.mp4,1,1.9
S3_F_16,/content/drive/MyDrive/Thesis - Fall-Detection-Camera/dataset/Subject 3/Fall/16.mp4,1,1.8
S3_F_17,/content/drive/MyDrive/Thesis - Fall-Detection-Camera/dataset/Subject 3/Fall/17.mp4,1,1.4
S3_F_18,/content/drive/MyDrive/Thesis - Fall-Detection-Camera/dataset/Subject 3/Fall/18.mp4,1,4.2
S3_F_19,/content/drive/MyDrive/Thesis - Fall-Detection-Camera/dataset/Subject 3/Fall/19.mp4,1,2
S3_F_20,/content/drive/MyDrive/Thesis - Fall-Detection-Camera/dataset/Subject 3/Fall/20.mp4,1,2.3
S3_F_21,/content/drive/MyDrive/Thesis - Fall-Detection-Camera/dataset/Subject 3/Fall/21.mp4,1,5.4
S4_A_1,/content/drive/MyDrive/Thesis - Fall-Detection-Camera/dataset/Subject 4/ADL/01.mp4,0,-1
S4_A_2,/content/drive/MyDrive/Thesis - Fall-Detection-Camera/dataset/Subject 4/ADL/02.mp4,0,-1
S4_A_3,/content/drive/MyDrive/Thesis - Fall-Detection-Camera/dataset/Subject 4/ADL/03.mp4,0,-1
S4_A_4,/content/drive/MyDrive/Thesis - Fall-Detection-Camera/dataset/Subject 4/ADL/04.mp4,0,-1
S4_A_5,/content/drive/MyDrive/Thesis - Fall-Detection-Camera/dataset/Subject 4/ADL/05.mp4,0,-1
S4_A_6,/content/drive/MyDrive/Thesis - Fall-Detection-Camera/dataset/Subject 4/ADL/06.mp4,0,-1
S4_A_7,/content/drive/MyDrive/Thesis - Fall-Detection-Camera/dataset/Subject 4/ADL/07.mp4,0,-1
S4_A_8,/content/drive/MyDrive/Thesis - Fall-Detection-Camera/dataset/Subject 4/ADL/08.mp4,0,-1
S4_A_9,/content/drive/MyDrive/Thesis - Fall-Detection-Camera/dataset/Subject 4/ADL/09.mp4,0,-1
S4_A_10,/content/drive/MyDrive/Thesis - Fall-Detection-Camera/dataset/Subject 4/ADL/10.mp4,0,-1
S4_A_11,/content/drive/MyDrive/Thesis - Fall-Detection-Camera/dataset/Subject 4/ADL/11.mp4,0,-1
S4_A_12,/content/drive/MyDrive/Thesis - Fall-Detection-Camera/dataset/Subject 4/ADL/12.mp4,0,-1
S4_A_13,/content/drive/MyDrive/Thesis - Fall-Detection-Camera/dataset/Subject 4/ADL/13.mp4,0,-1
S4_A_14,/content/drive/MyDrive/Thesis - Fall-Detection-Camera/dataset/Subject 4/ADL/14.mp4,0,-1
S4_A_15,/content/drive/MyDrive/Thesis - Fall-Detection-Camera/dataset/Subject 4/ADL/15.mp4,0,-1
S4_A_16,/content/drive/MyDrive/Thesis - Fall-Detection-Camera/dataset/Subject 4/ADL/16.mp4,0,-1
S4_A_17,/content/drive/MyDrive/Thesis - Fall-Detection-Camera/dataset/Subject 4/ADL/17.mp4,0,-1
S4_A_18,/content/drive/MyDrive/Thesis - Fall-Detection-Camera/dataset/Subject 4/ADL/18.mp4,0,-1
S4_A_19,/content/drive/MyDrive/Thesis - Fall-Detection-Camera/dataset/Subject 4/ADL/19.mp4,0,-1
S4_A_20,/content/drive/MyDrive/Thesis - Fall-Detection-Camera/dataset/Subject 4/ADL/20.mp4,0,-1
S4_F_1,/content/drive/MyDrive/Thesis - Fall-Detection-Camera/dataset/Subject 4/Fall/01.mp4,1,1.8
S4_F_2,/content/drive/MyDrive/Thesis - Fall-Detection-Camera/dataset/Subject 4/Fall/02.mp4,1,1.5
S4_F_3,/content/drive/MyDrive/Thesis - Fall-Detection-Camera/dataset/Subject 4/Fall/03.mp4,1,1.7
S4_F_4,/content/drive/MyDrive/Thesis - Fall-Detection-Camera/dataset/Subject 4/Fall/04.mp4,1,1.2
S4_F_5,/content/drive/MyDrive/Thesis - Fall-Detection-Camera/dataset/Subject 4/Fall/05.mp4,1,2.7
S4_F_6,/content/drive/MyDrive/Thesis - Fall-Detection-Camera/dataset/Subject 4/Fall/06.mp4,1,1.1
S4_F_7,/content/drive/MyDrive/Thesis - Fall-Detection-Camera/dataset/Subject 4/Fall/07.mp4,1,2.4
S4_F_8,/content/drive/MyDrive/Thesis - Fall-Detection-Camera/dataset/Subject 4/Fall/08.mp4,1,2.3
S4_F_9,/content/drive/MyDrive/Thesis - Fall-Detection-Camera/dataset/Subject 4/Fall/09.mp4,1,2.3
S4_F_10,/content/drive/MyDrive/Thesis - Fall-Detection-Camera/dataset/Subject 4/Fall/10.mp4,1,2.2
S4_F_11,/content/drive/MyDrive/Thesis - Fall-Detection-Camera/dataset/Subject 4/Fall/11.mp4,1,1.2
S4_F_12,/content/drive/MyDrive/Thesis - Fall-Detection-Camera/dataset/Subject 4/Fall/12.mp4,1,1.5
S4_F_13,/content/drive/MyDrive/Thesis - Fall-Detection-Camera/dataset/Subject 4/Fall/13.mp4,1,0.3
S4_F_14,/content/drive/MyDrive/Thesis - Fall-Detection-Camera/dataset/Subject 4/Fall/14.mp4,1,0.8
S4_F_15,/content/drive/MyDrive/Thesis - Fall-Detection-Camera/dataset/Subject 4/Fall/15.mp4,1,1
S4_F_16,/content/drive/MyDrive/Thesis - Fall-Detection-Camera/dataset/Subject 4/Fall/16.mp4,1,3.2
S4_F_17,/content/drive/MyDrive/Thesis - Fall-Detection-Camera/dataset/Subject 4/Fall/17.mp4,1,2.8
